wordNgrams,avg_precision,avg_recall,correct_predictions
1,0.9763775477907476,0.9763775477907476,16806.0
2,0.977726296064417,0.977726296064417,16806.0
3,0.9769130920640926,0.9769130920640926,16806.0
